time,magnitude,error
6246.7036600000,18.9370000000,0.0380000000
6249.7449700000,18.5790000000,0.0260000000
6253.7496000000,18.6460000000,0.0310000000
6257.7530200000,18.7300000000,0.0590000000
6266.7226800000,18.6210000000,0.0360000000
6269.7955600000,18.8690000000,0.0510000000
6270.7314200000,18.7020000000,0.0300000000
6272.7447500000,18.7470000000,0.0330000000
6275.7409400000,18.5810000000,0.0280000000
6278.7335500000,18.7890000000,0.0440000000
6284.7991100000,18.4920000000,0.0280000000
6287.7824700000,18.8540000000,0.0610000000
6290.7298000000,18.8870000000,0.0500000000
6293.7553200000,18.3620000000,0.0270000000
6295.7632700000,18.9450000000,0.0480000000
6298.6894100000,18.8470000000,0.0370000000
6301.6729400000,18.4940000000,0.0360000000
6304.6541000000,18.8110000000,0.0340000000
6309.6885700000,18.7740000000,0.0380000000
6312.6532900000,18.8000000000,0.0390000000
6318.6476000000,18.6110000000,0.0410000000
6324.6361300000,18.9300000000,0.0620000000
6326.6144500000,18.6420000000,0.0370000000
6332.5755700000,18.9330000000,0.0350000000
6335.5688800000,18.3810000000,0.0290000000
6353.5416500000,18.8660000000,0.0520000000
6374.5621900000,18.5950000000,0.0370000000
6385.4814300000,18.6260000000,0.0800000000
6394.4756000000,18.7720000000,0.0900000000
6416.4588700000,18.5150000000,0.0780000000
6508.8826500000,19.0290000000,0.0470000000
6524.8977200000,18.2770000000,0.0310000000
6543.9099800000,18.8830000000,0.0370000000
6552.8314100000,18.7280000000,0.0360000000
6567.8427100000,18.2530000000,0.0250000000
